<?xml version="1.0" encoding="UTF-8" ?>
<!DOCTYPE mapper
  PUBLIC "-//mybatis.org//DTD Mapper 3.0//EN"
  "http://mybatis.org/dtd/mybatis-3-mapper.dtd">

<mapper namespace="com.scit.c3.dao.RatingMapper">

	<select id="list" resultType="rating">
		select
			rating_num
			,rating_shop
			,member_id
			,rating_pt
		from
			mp_rating
		order by
			rating_num desc
	</select>
	
	<insert id="write" parameterType="rating">
		insert into
			mp_rating(
				rating_num
				,rating_shop
				,rating_content
				,member_id
			)values(
				rating_num_seq.nextval
				,#{rating_shop}
				,#{rating_content}
				,#{member_id}
			)
	</insert>
	
	<delete id="delete" parameterType="rating">
		delete from
			mp_rating
		where
			rating_num = #{rating_num}	
		and
			member_id = #{member_id}
	</delete>
	
	<select id="detail" parameterType="int" resultType="rating">
		select
			rating_num
			,rating_shop
			,rating_content
			,member_id
			,rating_pt
		from
			mp_rating
		where
			rating_num = #{rating_num}
	</select>
	
	<update id="update" parameterType="rating">
		update
			mp_rating
		set
			rating_content = #{rating_content}
		where
			rating_num = #{rating_num}
		and
			member_id = #{member_id}
	</update>

</mapper>
